[
  { "value": "UTC-12:00", "label": "(UTC-12:00) International Date Line West" },
  { "value": "UTC-11:00", "label": "(UTC-11:00) Coordinated Universal Time-11" },
  { "value": "UTC-10:00", "label": "(UTC-10:00) Hawaii" },
  { "value": "UTC-09:00", "label": "(UTC-09:00) Alaska" },
  { "value": "UTC-08:00", "label": "(UTC-08:00) Baja California" },
  { "value": "UTC-07:00", "label": "(UTC-07:00) Pacific Time (US & Canada)" },
  { "value": "UTC-06:00", "label": "(UTC-06:00) Central Time (US & Canada)" },
  { "value": "UTC-05:00", "label": "(UTC-05:00) Eastern Time (US & Canada)" },
  { "value": "UTC-04:00", "label": "(UTC-04:00) Atlantic Time (Canada)" },
  { "value": "UTC-03:30", "label": "(UTC-03:30) Newfoundland" },
  { "value": "UTC-03:00", "label": "(UTC-03:00) Buenos Aires" },
  { "value": "UTC-02:00", "label": "(UTC-02:00) Coordinated Universal Time-02" },
  { "value": "UTC-01:00", "label": "(UTC-01:00) Azores" },
  { "value": "UTC+00:00", "label": "(UTC+00:00) London, Dublin" },
  { "value": "UTC+01:00", "label": "(UTC+01:00) Amsterdam, Berlin, Rome" },
  { "value": "UTC+02:00", "label": "(UTC+02:00) Helsinki, Kyiv, Riga, Sofia" },
  { "value": "UTC+03:00", "label": "(UTC+03:00) Moscow, St. Petersburg" },
  { "value": "UTC+04:00", "label": "(UTC+04:00) Abu Dhabi, Muscat" },
  { "value": "UTC+04:30", "label": "(UTC+04:30) Kabul" },
  { "value": "UTC+05:00", "label": "(UTC+05:00) Islamabad, Karachi" },
  { "value": "UTC+05:30", "label": "(UTC+05:30) Chennai, Kolkata, Mumbai, New Delhi" },
  { "value": "UTC+05:45", "label": "(UTC+05:45) Kathmandu" },
  { "value": "UTC+06:00", "label": "(UTC+06:00) Astana" },
  { "value": "UTC+06:30", "label": "(UTC+06:30) Yangon (Rangoon)" },
  { "value": "UTC+07:00", "label": "(UTC+07:00) Bangkok, Hanoi, Jakarta" },
  { "value": "UTC+08:00", "label": "(UTC+08:00) Beijing, Hong Kong, Singapore" },
  { "value": "UTC+09:00", "label": "(UTC+09:00) Osaka, Sapporo, Tokyo" },
  { "value": "UTC+09:30", "label": "(UTC+09:30) Adelaide, Darwin" },
  { "value": "UTC+10:00", "label": "(UTC+10:00) Brisbane, Melbourne, Sydney" },
  { "value": "UTC+11:00", "label": "(UTC+11:00) Solomon Is., New Caledonia" },
  { "value": "UTC+12:00", "label": "(UTC+12:00) Auckland, Wellington" },
  { "value": "UTC+13:00", "label": "(UTC+13:00) Nuku'alofa" }
]
